titre,artistes,url,streams_avant,streams_apres,ecart
Mieux,"Sigma 999, 4V",https://open.spotify.com/track/3iPI0xsMl02LJBDHTRtx02?si=clsTe3VWT1-q78X9rq31_g,5445,5446,1
Focal,wDixon,https://open.spotify.com/track/61Tc2YHOUsCr6GyQiUXWRS?si=qpLn_NuwTwCu9FdFC1xyXQ,1630,1630,0
Interlude,DEL MARAS,https://open.spotify.com/track/3YW2Ryoh4Mu3UpNggFLKIP?si=XOyaLAjpQoGvk5wVmjAnIg,17439,17439,0
ME ATRAPA (NANO),bloke7prod,https://open.spotify.com/track/33lkzeeVn2UVUjcePSFDD6?si=yGLcv2h7RTCwu7DO4UQF8w,0,0,0
ASSANE DIOP,Kronkel Dom,https://open.spotify.com/track/5QGASEbbs0T8SmldFijc04?si=wuZ9n6MTTKyUmGsXPsF74g,7860419,7869569,9150
Intro,jexy,https://open.spotify.com/track/3Mnsm0wzySzaNJTEwuVaQX?si=YtWXwDixSTqBgJhlc4tkUg,0,0,0
Mansa Moussa,G-DU,https://open.spotify.com/track/2X0I2inYaAVMG6LmyOTAWv?si=fT0wtI5VQVO7O-nK6lBI7g,3631,3637,6
Je perd la raison,"JR4, Lipano",https://open.spotify.com/track/4IWbvJ6VWJaxykoipxMhBN?si=gJNK9qZcTf63s9yTrudSQQ,0,0,0
QUI POURRAIT ?,Warrigal,https://open.spotify.com/track/2MzYmQHPtC64P69CbTf2Wq?si=tsZygwQYQxOH8D-RAdZDiA,89205,90500,1295
Sweet Dreams,"Ba2, Skarr",https://open.spotify.com/track/31DbnMhsY7vd252q014MXU?si=B9QBmJ71QjOfYIThUqIWqQ,0,0,0
Verändert,"XAYE, TIPSIE",https://open.spotify.com/track/0VuwSBmABLB087N2pb0ijx?si=vbpTWSvIS9m2A1wNrh6kCA,0,1000,1000
Ride or Die,Shiva,https://open.spotify.com/track/1juCtQiq8Q87sNIq6O3m4C?si=N8pfU6qtQMWBR7AzFnc6Tw,6089147,6089150,3
D et Dash,Bacy213,https://open.spotify.com/track/6ngxAxtLLRXgxLJ5GDXcjZ?si=cOv99vYjT5yzn905oUsc-g,7539,7574,35
Mauvais,Gezah,https://open.spotify.com/track/77OBAxijRMimk6EkwyLaJC?si=vN-CZw3sSfyVYEC-MqvJ9A,8638,8641,3
22 bougies,Albinks,https://open.spotify.com/track/1wzs0TJT2QeVNUzyheid4f?si=f603ge_ySECsVkxDL2rXoQ,0,0,0
No Fake,Malyk-Man,https://open.spotify.com/track/5IIrLLO2v2TCPUINDL0kpF?si=9KDBut4eTLCI4639T9TCaA,0,0,0
Cali-Plate,CCINO,https://open.spotify.com/track/3nwQ7gu0uT0tzOUjxgKB2p?si=7G40u9HFQfedwZHS-qHVCQ,91052,93874,2822
TLJ,Pepiito 680,https://open.spotify.com/track/69CVngUjsMa0b0JCKVbzKL?si=oxx2kDWWR_e6VLnY1_d3iQ,35609,35628,19
Palestine,Ilies,https://open.spotify.com/track/11acPWWSJLJLhJQ1GLV6qk?si=bW9MEVb7T9OWc2WNorGlvg,4725,4742,17
Snifar,Safira,https://open.spotify.com/track/4uVIv4ydis8ekXNjJX8bye?si=0jtagICbTIG7UK-JiSDhAw,0,0,0
SHINOBI,OTMAN,https://open.spotify.com/track/0gIpEgErUevRHZDmnWpEh1?si=594x3pCsTXqCoYbKNMn9nQ,0,0,0
"Antiheld, Pt. 2",YungElias,https://open.spotify.com/track/3ov3SOtgcKkVjKqNsTu5Gy?si=6ymnBjsQTwiawERk6-L60g,8513,8516,3
kairos,LOG,https://open.spotify.com/track/1VcSmNOn0mJojhXrvBZJ5s?si=Pj1OtvB8QlejXt_Yv1dl-Q,97485,98816,1331
GTA 5,YNS,https://open.spotify.com/track/3KDYybQRVSNDVH0ZFzGX7R?si=JtDN0bNRTWmzFEu---AP1g,0,0,0
COEUR FROID,MVHI,https://open.spotify.com/track/2iAom45CZkSTmmVlSGXznE?si=NsvBN02HSm2fphXbtrqtyQ,0,0,0
Conséquence,J.O.S,https://open.spotify.com/track/0a77iTP67TktrJZVBA0E1n?si=4WotBYVZRpOCRX45jj5lQw,0,0,0
Ray Liotta,"Hoofer, Abdou Ziani",https://open.spotify.com/track/7DaaIf6MJlbu1ep8rjJ8Wk?si=IUojCH4oTI6qgAQHh_4VbA,14795,14860,65
Don Quichotte,Keny,https://open.spotify.com/track/0hrXO0FS25V0J9fb8NwSjN?si=xSoWN0KtSuipmJnMunwmag,1996,1996,0
Marseille,So La Zone,https://open.spotify.com/track/427ZT7N5XML2VC2VrcSkg7?si=24tI1mH7SNSwjpwxCowrkA,1975112,1979960,4848
IGO,G.Anubi,https://open.spotify.com/track/0ZPmAdWW33eogDrYnGdw2s?si=3inXmPR8Qs21js5i3xM15g,14307,14307,0
Cicatrices,OXZEN,https://open.spotify.com/track/01mgRtAtpqCb7jjjotXLHB?si=Tw9L7_H_QCa2a4cTqn8Uwg,0,0,0
Silence,Lex,https://open.spotify.com/track/5QmFuAxc13pvE7ILeRum5I?si=rzj5NNqPQCmky1TUDkORHg,6025,6027,2
Billing,Koskeed,https://open.spotify.com/track/4CstTiT4atZ99wkdlH4rh7?si=Q1_G5pdCQ6iTqWKXuei_oA,0,0,0
DEXA TD KABA,Efl Beatz,https://open.spotify.com/track/6BJbJP6VWvjugCkc2VlMG0?si=Z0kyc8TQQ8ygijCAtvmNKw,0,0,0
Mélancolie et rage de vaincre,Haniki,https://open.spotify.com/track/2ShSyrpDqALosYKnu173iy?si=hG-RhdkGTYGRoWi-9_DIcQ,0,0,0
Jiraya,ZZZ,https://open.spotify.com/track/6ffBCOsD66NqA4gIT19HbI?si=afFcMDCOR7KpWXrwZo-8_A,0,0,0
Llncp (Les larmes ne coulent plus),Leu'Vé,https://open.spotify.com/track/2rqCMjHoxnHUVL4dOmVBKy?si=DLqg6xi5SsOvIiMP2gXFHw,2799,2799,0
Maa Layem,Kacha,https://open.spotify.com/track/3WE61g0Flqpk6PK9E8UyaT?si=QCFUQgEqSDy5CBFK0bzQPg,4237,4274,37
Adresse,S2K,https://open.spotify.com/track/5PMQj3YEznV4LMJOiT72D4?si=BDKf_Tm6R4yvZP6OqlNhJw,17097,17184,87
Himalaya,YKAR,https://open.spotify.com/track/2UN6nBxjjqxl4B7sWMNWqK?si=5aXGhgUIQJCHQHF9kxvWDw,0,0,0
Je sais pas,Vinz Lvl,https://open.spotify.com/track/4B41bSFb6H2ZH4eaT5jWPb?si=QqbI7AURSn6wxki-fphbyw,0,0,0
Épisode 3 (Interlude),N3palm,https://open.spotify.com/track/6gmzZOCdEiIu5XxQ11xGpg?si=UG5Q1BoxS9WNHPbG_dC8jg,0,0,0
Prince De La Ville,Shym4,https://open.spotify.com/track/2yOH1TPRfm2Mkdsq6VWb4U?si=AzGjpt9jSu-YVDh4nDCo7w,0,0,0
Business class,KrS,https://open.spotify.com/track/5jUNMAluTIR9c26FtORHCJ?si=EFI9DuUmSzasKqPVusU0LA,0,0,0
Tranquillement,"Nolvo, Bodjy",https://open.spotify.com/track/7nqn4e3IJx7Yku04itdHgY?si=7Qiyz0auQJq82HhMDrGAhg,3394,3394,0
UKRYTE ŁZY,Young Żupan,https://open.spotify.com/track/6QhYbFU881Fj0pzwmMie2j?si=QODwkRQrQpGmjh-DDe_s4A,123096,124433,1337
Sourire sous le lampadaire,CKZ,https://open.spotify.com/track/5zyLAJWCVTSWQRDps6XSXC?si=fsGrLhwFSuay4KOz8oE09Q,0,0,0
QUE TOI,POLAR,https://open.spotify.com/track/3feBFqz2KheDnlgdtFdoXy?si=T-QnMhJiTgi6HTIt1-u01w,18276,19475,1199
Ressentimento,MC Mendonça DL,https://open.spotify.com/track/5MbM06wa3gzEQKFFSTouAV?si=C8eRcVmIT8ieTfg77Lyx7A,0,0,0
ASSEZ VITE,Cita,https://open.spotify.com/track/48NDhB8W2pkPipqKlBOqNL?si=EkT7igFPSjq0z0n8MAlidw,1328,1334,6
Hors-piste,L'insolite,https://open.spotify.com/track/2LxrXWgPuh8luIQib8X6Cs?si=zfy9R0hVR_G4GF-rI436Pw,2625,2725,100
Navré,"Loa 30, Dontif",https://open.spotify.com/track/0A3D9ElrNVdjxtMHGbXS56?si=EYS2ayFUQlq0S7uzzME1jQ,4166,4174,8
Tommy,Pevffy,https://open.spotify.com/track/0o4eLf9yzM4VZCRNMUIaiN?si=H3RIZxDKTHKIbo9AL0NivQ,33630,33805,175
Veloce,Hell Prince,https://open.spotify.com/track/13oCJWyg9Iwpn4m6VDWqXV?si=6K-E4wM0SI2dEObvuJgiAw,0,0,0
Intro,Amo la Mara,https://open.spotify.com/track/6SxJddvMH2pwB2IGMp3X0B?si=rugLZfsYREihkAOMij031A,609029,609759,730
LE P’TIT 5,ZABUZA,https://open.spotify.com/track/55g5GUsExOME3Hsf25P1Dx?si=x2Y0KtETTrOm9FWUco-Odw,243432,251646,8214
lucioles,ska2r,https://open.spotify.com/track/6f7c7myC6bKbJGSofWQg3J?si=zye1WTaLQYKa1agjC0mkJQ,0,0,0
Inarrêtable,Loay,https://open.spotify.com/track/7CfYIA6nHBXRvMH9LrRVoj?si=9En3GNZCR--onikTcYPaJw,1854,1866,12
Cartel Sinaloa,"Jeekay, Kaneki",https://open.spotify.com/track/02vYOuNdVqcMl8TKqqcWAh?si=Bie32k3ZQsWHH0vqh0DSIw,103220,103399,179
Enfin libre,KYYOUTTE,https://open.spotify.com/track/0RORqPdq8R8AHH6uHLybc2?si=TzFBpOmOR56OO3mUnujkTA,0,0,0
ChatPT,Madame G,https://open.spotify.com/track/3qZVXPV4zyQNVQb8ziykdn?si=n5x1nnj5TCSPRMe53kC0kw,0,0,0
Vie,RCD,https://open.spotify.com/track/5VtRGO9G2zEy1y8vcux8fE?si=dN8YSR0zRs6JTuIornB8PA,0,0,0
DERNIER RECOURS,MiraX,https://open.spotify.com/track/6anG0rQt5MaHzkWA27qaEn?si=TikS0tBXSKq0TRXmhPtm-w,2706,2707,1
Horloger #4,Imed zee,https://open.spotify.com/track/6260AH13Q47vbADdtXdWHz?si=ZNP3DtP6QnKZJcl2oCqITg,327589,332304,4715
Lune de miel,SNK Fcktz,https://open.spotify.com/track/62EAqK5oVaA2HRG5oa5Akx?si=2YK39p0sRkqUwVkcgZKBdw,2668,2668,0
le dalhia rouge,Mesrine69,https://open.spotify.com/track/5GiLCYCauPi5r8n6n7IuHq?si=HFhvvYJdRSm8xhERMr5Rwg,0,0,0
Dès l'aube,R.Y OFF,https://open.spotify.com/track/5bSfZXZIi6i5NQDyHEjuXv?si=jPw5d_ZORiGHUYKoFAuRPw,2427,2438,11
Lové,Brck,https://open.spotify.com/track/4oWmuzjk05Vk0zDw1EVtkg?si=jrDDwz1ISL63frU1jLNqgA,3268,3285,17
N-Wegen,Pakket,https://open.spotify.com/track/4ImpKb1ig3nNqRYl3J3CaD?si=5kok_pc_SC-7ZXzWiQYXIw,14372,15653,1281
Shoganai,Yu_Gen,https://open.spotify.com/track/0YkQCxBhtCVyweguLyzYYZ?si=89OG4uP_Qb2J6-QLpQXnRQ,10620,10642,22
Thérapie - Triple Cyclone,Imperium ftrs,https://open.spotify.com/track/5LeG6zoF3u9JEPuoGo41kW?si=kGltaUWVSleUl-KOy7-Aqg,10900,10975,75
Noyade,mash687,https://open.spotify.com/track/4Gl2hZsvGDNHAc7bUNpWII?si=erLuTgYQSmeJGNJ3VRS-6g,0,0,0
84 SPC,La SM,https://open.spotify.com/track/3jOaDYAWlJJ6akbaHmW5GB?si=g2MTOuaQQXuu1agVXGp_hw,42932,51246,8314
Demain,SVR,https://open.spotify.com/track/2Y8biLxpp4pNtVg6afcVdU?si=C_nZsuibS0uCFSb8jhIJTA,0,0,0
Barcha Jahel,M_A_C_H_E_K_I_L,https://open.spotify.com/track/0KFUqRwuNSmpYuhB16yHyz?si=-2nlg5OzRBe5NyFcVCBQBA,0,0,0
Fur Dib,OUENZA,https://open.spotify.com/track/7fx4eRJJsx9ephKOFJkwh9?si=n3t8gJmyS-mxQK9nu7-_Kg,8993,9002,9
Prélude,REDV,https://open.spotify.com/track/0g9LfZq6vmusGKYSmAwQiB?si=FFmQ_qgzSNGf7OZF4Aerkw,0,0,0
Crecimos - MH,Mhk,https://open.spotify.com/track/4OJ59CUVQHACtTvPwB3EMO?si=y-gAbbMmT5mKTHSw7oL8qw,1481,1489,8
Indépendant,Flexoy,https://open.spotify.com/track/2VkOzgI3HGtV4mLKgNGdZ8?si=uD70JvFkSzmvZsikjwYkow,6140,6261,121
SPAGNA,Many,https://open.spotify.com/track/7D797trTE7k3hhgSh9FmP7?si=G1-yO7_RQoCxr5pjbEdmjA,5803,5818,15
Plus de toi,Jéthro JNM,https://open.spotify.com/track/2WnJgTAdtkSIBslL27mlfz?si=HLs27_8CTs-2Wze9dqZv_g,2659,2670,11
Barca,Show Pen,https://open.spotify.com/track/5HXrFcUL5cNJgSWrZTl6EF?si=7tjTjE2VQ56NGXehgrcapQ,0,0,0
A.R.C,BLVCKY,https://open.spotify.com/track/5bclYFANAuhUR8h8dfbZuQ?si=jiMTmExSQ3GqvI6jDsrSDw,0,0,0
Silence,Lex,https://open.spotify.com/track/2UYq7xggVSmjh5ZkCb4Us9?si=KKn3kx8DRKGyDYgjcZU5CQ,6025,6027,2
Tout Seul 2,Dhaf,https://open.spotify.com/track/7Ki8NqYbcyVfgYXeBey53a?si=FvtAP9lpQGK1eXLiwq_omw,43952,44310,358
JARL - version non-transie,Chrim_a7,https://open.spotify.com/track/6ACS7KAwUGyNawjFXq6mzQ?si=LLAy8w-4RXKJQGaU4mY7iA,0,0,0
Viral,"Singy, AzyMute.999",https://open.spotify.com/track/53Bpjg7VVgIcb2emtTYiM0?si=dgjdTlMGQ9uBcTPiFXFOSg,0,0,0
Tout ira bien,Broska,https://open.spotify.com/track/5hVgAjemSjFWI1FBTcb0qS?si=qsgIsfdzTMeMUhzHE9Y5qg,1933,1935,2
Schicksalsschlag,Queris,https://open.spotify.com/track/58UmZISHUuntAMX7Aht1Cu?si=SpStDWC-R5GeyT3pZuYlwg,45163,45247,84
Missing U,Poundzy,https://open.spotify.com/track/0cX6ju2evsfFIUcvDBLavT?si=mjIXmVXaQC6T2BhkARoy6A,21325,22353,1028
MUNDO,WASSOU,https://open.spotify.com/track/4KMhKQ2EzjT0dQzhVREk3g?si=YtU9s6qATUCins9eOmDDkA,0,0,0
Lumière,"MATTEI, Impar",https://open.spotify.com/track/7ePhE87DSeKWqXpVBarQXY?si=tp5f1hyETy6gLFmCmWSyuw,28277,28309,32
La Muzica - MUZICA Edit,Dawez,https://open.spotify.com/track/3KabbFzb7eE4ui5Z2kGH30?si=ehpTOuyQQUqwnfQQAXFJfA,0,0,0
RSQ3,ALS,https://open.spotify.com/track/0JF3CUJp0cVlEnRKEpNGxD?si=dHm4RR4pTMCLS4AuKFxR-w,0,0,0
Raisons,Dooums,https://open.spotify.com/track/52QLTpAi7FIx5tidsVQrYf?si=sPQ72YsWQumjM6YuUn6xnQ,36844,36858,14
En Folie,Ramo,https://open.spotify.com/track/335r02oPncx245el2LC6Zn?si=q3NWpYN-RNqixPB29Dsp2g,6160,6160,0
Déconnecter,Matsun,https://open.spotify.com/track/6qrPmBvDXB7GIGgBjGXQEn?si=YcR_MAXPQzKOoLFa6esOFQ,0,0,0
Ultima Speranza,Gezah,https://open.spotify.com/track/1xgTNPumgJ4XFMk26DoHLo?si=s7yQOHg8RSuO9fG5_gg5MQ,4635,4641,6
TLJ - Version SPEED UP,Pepiito 680,https://open.spotify.com/track/6CHzKTbXyXVIjknsr5wHIp?si=A4j3quSfRvix7cdTpSU00w,37030,37048,18
La scène,"M'C, Nedson",https://open.spotify.com/track/0kW81u2oNrNKevJUe80YAs?si=i1XcTMzeTvuxAjM_94xC8A,8159,8282,123
Sin Consuelo,Cyril Kamer,https://open.spotify.com/track/2cfo1d20JZEjaKmdvmIvRF?si=KWYET_OHQUyRFdr6jTRQng,543520,550002,6482
NATEN,ISH,https://open.spotify.com/track/6wgFKNrI9xHavNFodIRAYo?si=HIHUCLX0S3S9kySAqPlFeA,1238286,1246523,8237
I'am a Leader,CHK,https://open.spotify.com/track/1myUABqa1pwfCPdh7sndnc?si=_CBLe2wuTzeIpDBh9485yQ,0,0,0
dom peri,7evenka,https://open.spotify.com/track/2snZvzkNZKvCpeh7Tl1oNp?si=Uo04PZcXR4amGxvsUk7AGQ,0,0,0
Sans Effets,Nokka,https://open.spotify.com/track/4aOAqZ9MtW5iYhxG0xJYlH?si=BstSOe7zSpCDFknMOq2Fbw,0,0,0
Élévation,"ÆRON SKAR, H.E.M",https://open.spotify.com/track/4O84Col3x0RgzRzzUXpQES?si=3Evn8JpVQvqHqdpD9Te7_g,11835,11844,9
Canonnier,lansky binks,https://open.spotify.com/track/1zEHDSPrERgC19ahQzIPIf?si=69dqJsyiS4uryyLdgIcv-g,0,0,0
Sans atmosphère,L'insolite,https://open.spotify.com/track/3rIO6R9x7yWka5yHyqxPgr?si=Jvp1JaPORnSwJgjA1lBYrg,0,0,0
Destinée,FJU Sentinelles,https://open.spotify.com/track/3WFGMIw1v6B9eezp6u5dsd?si=e80NH1a-Sqe2J2hBuKFCeA,2625,2671,46
Comptant,D2L,https://open.spotify.com/track/67M2Od9xgzDWE6cwECwLsv?si=vynN-DnoTPuHFpmiT8l9fw,74634,74968,334
Focus,DELYZ,https://open.spotify.com/track/61T41DoYhex6ILdnCIFYU2?si=7fsFQrjJTQ6FPyG7Zni5-A,0,0,0
4REAL,Neo'saka,https://open.spotify.com/track/6I680HNEpsBqCtW5bdUFL2?si=b_-hJ4omR8Gs7jW01C610Q,11174,11174,0
LA NUIT EST CHAUDE,Harclès,https://open.spotify.com/track/1V7083KLTOWmrvA8O7sxU0?si=7o3dTfF0QnO73qkXPuQ0XA,0,0,0
3WLLD(partie 2),AMD King,https://open.spotify.com/track/0Db2D6bxx0yVq2PRTUUGEc?si=Ol6ApCT9TOeeTPr1RlhCIg,0,0,0
Laisse tomber,Djiway,https://open.spotify.com/track/2bu1RF6kvn9kI5eAKIkaoc?si=q9dWKxA6SWuUAEAz3DhSNA,2243,2274,31
7 Décembre,Maks,https://open.spotify.com/track/6hfa0bM5mX2MG7VGlnLG3n?si=LpN7-hHPTciJB3md-9ferA,151166,151426,260
Dexter,Layso,https://open.spotify.com/track/2VACcRRu0tyYg5KZmY7iJJ?si=7KhC6JhoR06KRQmuEl3lOQ,0,0,0
Alpraz à l'âme,_vaayz,https://open.spotify.com/track/51c6uBRTEoBpsKOB91NXxp?si=hXgi6q51S2W2mwtP-OsJEw,1620,1623,3
BEJT TAM SÁM,P-ONE,https://open.spotify.com/track/5d88wEoYVw7iLOQqtTlddG?si=3dlplfsTRIunvyfSty6Imw,84972,86016,1044
Wa7la,"Gafsi, Kybruz238",https://open.spotify.com/track/6i906m6HzTmmzMbfM8KxGX?si=UOSY7SNTTQ2ky9HV3rNqeA,0,0,0
Ma mélodie,AMG3_71,https://open.spotify.com/track/0PHCVE2Jxd1iAZw4phNNKa?si=adQSmlvmRNKU0UW4JMPrYQ,0,0,0
Jah Make Move,Yaawdi,https://open.spotify.com/track/78lOqLRd9VGyll11aMzCsD?si=Tyq7Wvg2TTegJHgvSPBgwQ,5572,5584,12
NOS RUELLES #3,2R,https://open.spotify.com/track/40AOrVgGEE983NJqa26ZNL?si=sd9v9J4gQeaucjKiR86YwQ,156535,159898,3363
Dysphibolia,Mahery,https://open.spotify.com/track/5o8mhEffmgHYm0TCU4pH8a?si=FMMrrfocTNyWw74VPS3JlA,0,0,0
La muzica (EM Edit),Dawez,https://open.spotify.com/track/5VGqqMY1Ezfw0m2XlPMkHo?si=9bAqp6_rT8WX7YSn6naQ6A,0,0,0
Final,jokzgui,https://open.spotify.com/track/5elU3gTQ1u55FG2YaPyT9R?si=9CFTpIdVTgueL75BtEKHsw,189510,193205,3695
Bonheur,BoyBoy,https://open.spotify.com/track/5K868yU8otirr0bZFH3fzu?si=2qyAIqtBSKyHLRQdY2PExQ,0,0,0
Lettre à...,Caliko,https://open.spotify.com/track/2rjB8dT78x7DY7z8c3VpWE?si=fr4sM3uhS56dX5sM8ROdMw,0,0,0
Schwarzenegger,ALS,https://open.spotify.com/track/7hicBzyDmeGRgJfMENB9lO?si=fqCTWfkSRaWsYZsySS_CJg,0,0,0
Monde,"Ba2, Skarr",https://open.spotify.com/track/5oKGKhbHZxQxgyDCONDq01?si=jaLuQMAAT2aUwCHCPGoakg,2092,2092,0
Heetch (16H21),SK 2.16,https://open.spotify.com/track/1ZQV8XNdOE4IWYhsJ0gDrS?si=3KofnElETpytpeF4CpYkiw,0,0,0
Birkin hermes,AD,https://open.spotify.com/track/1ZlosEjD4ebNbPOrmWFcC5?si=tfkjMo-BSkK3l4YVpmU51A,0,0,0
Vivre ou Survivre,Delilio,https://open.spotify.com/track/71mluVF30tYenvys8Fruwq?si=JOi97N_YQ_yArk0NsTrW3g,98342,98385,43
Lies Of Pinocchio,BMOI,https://open.spotify.com/track/4aMYUakXR6RxQtpaBoiaQT?si=MsSHhXIsROWatoxF6Kt53g,0,0,0
Temu,Chawo,https://open.spotify.com/track/1Lz4XWdQyQfOcnQLBxHsSa?si=gDIQdtLdT72QOq4u-Zis4g,115979,116819,840
Donner,MBGST,https://open.spotify.com/track/5JfAQCqJoaAcZ2Nj9VwlHY?si=vuH6_xAKTTO88ty7T-xlmw,18816,19316,500
Signe de vie,Jord Issaguen,https://open.spotify.com/track/6HOKktyU4fd7rVzyjhgvLZ?si=CHQpVvPhSn6TiSuK1p_ZCg,0,0,0
Comme jamais,"Barkozor, W",https://open.spotify.com/track/6SR9tLJRf6Y25N2lRNUdfI?si=my_NXon5RmeCvFhi8ln0fg,0,0,0
GTA LOVE,YAM,https://open.spotify.com/track/6pZEl2CK4m3vWYPEjnXSRR?si=o3OgJhbqS9mW-FNdSRsrRA,4602,4758,156
HAYAT حياة,MATAHA,https://open.spotify.com/track/3FHi4pCWPr9BEpc9zgcUhl?si=XpW8M8SKQUmIlzRgUqNlhA,12949,12949,0
"Récit Profond, Pt. 3 - Freestyle",Ciscozé,https://open.spotify.com/track/2RBHleiblWR0pSCFpxBaZc?si=mtuWJAEJTQqnvi2qe3o4DA,0,0,0
Même effet,VLD,https://open.spotify.com/track/13KuR7TBVysS60hovrJFPH?si=Hj0g_jBOTwGX0RVKG-UpnA,17917,17917,0
J'aurais voulu,Pazzo,https://open.spotify.com/track/74jLF45fmPCUAGDN2TPFud?si=UKFV-S_OTm6oI4ft0Hl0rQ,12741,12786,45
SOUS-ESTIMER,SUZANNE,https://open.spotify.com/track/3aYfrV5rIC3ZpCugPMwxA3?si=FfcLw6e8Q9KiQMzwwFw98A,0,0,0
Ephemere,"Enah km, Nytho",https://open.spotify.com/track/37Jfrz1rZeNN8cmSwTVP6J?si=yutz_b41T8OI9Jy-koEDaQ,2145,2145,0
Yahweh,Jéthro JNM,https://open.spotify.com/track/1JpnWKXLYYEPit31b02ors?si=5NWGFYJxQF608cnc1NMe-A,7293,7305,12
TIKI TAKA À LA GUARDIOLA,DYDY,https://open.spotify.com/track/2eSab2JEBI15UVlWXjG1eI?si=jRll_GQ3SnGdIDuDSYjaYA,0,0,0
Jouons ensemble,Roxane,https://open.spotify.com/track/3jNAP2P2b5HvGbMUwsuR2v?si=jdG3edoVTWOwIm7DJKMQUg,16169,16195,26
Piano désaccordé,Hill le conteur,https://open.spotify.com/track/7KITahDtiFnof6DutCuL2B?si=SUodOnlQQKOtyF7fzNrnjw,0,0,0
CSLM,Leamsi,https://open.spotify.com/track/0H79sCI2ZupBNUB9FxqBeX?si=3JFxWilTQOSI4ROpx1nD7w,0,0,0
