id,TITRE,ARTISTE,STREAMS,STATUT,LIEN
rec04wz1xrsA1hjvw,Mieux,"Sigma 999, 4V",5445,,https://open.spotify.com/track/3iPI0xsMl02LJBDHTRtx02
rec0CMMSVFLnaxWe4,Focal,wDixon,1630,,https://open.spotify.com/track/61Tc2YHOUsCr6GyQiUXWRS
rec0HkCy7BO625cob,Interlude,DEL MARAS,17439,,https://open.spotify.com/track/3YW2Ryoh4Mu3UpNggFLKIP
rec0LQflH9qNDwgOR,ME ATRAPA (NANO),bloke7prod,0,,https://open.spotify.com/track/33lkzeeVn2UVUjcePSFDD6
rec0ORlTMCb2gqz7N,ASSANE DIOP,Kronkel Dom,7860419,,https://open.spotify.com/track/5QGASEbbs0T8SmldFijc04
rec0T9dtbp9D0nZWD,Intro,jexy,0,,https://open.spotify.com/track/3Mnsm0wzySzaNJTEwuVaQX
rec0W0iHEw4zLQo4f,Mansa Moussa,G-DU,3631,,https://open.spotify.com/track/2X0I2inYaAVMG6LmyOTAWv
rec0bCbV5CUFs29H5,Je perd la raison,"JR4, Lipano",0,,https://open.spotify.com/track/4IWbvJ6VWJaxykoipxMhBN
rec0drOxFzzdKB7hT,QUI POURRAIT ?,Warrigal,89205,,https://open.spotify.com/track/2MzYmQHPtC64P69CbTf2Wq
rec0nEjF6sk1NLtab,Sweet Dreams,"Ba2, Skarr",0,,https://open.spotify.com/track/31DbnMhsY7vd252q014MXU
rec0nbGrFTXWMNAkh,Verändert,"XAYE, TIPSIE",0,,https://open.spotify.com/track/0VuwSBmABLB087N2pb0ijx
rec0paVdBDDv1QF7b,Ride or Die,Shiva,6089147,,https://open.spotify.com/track/1juCtQiq8Q87sNIq6O3m4C
rec0vD1dHev93abW1,D et Dash,Bacy213,7539,,https://open.spotify.com/track/6ngxAxtLLRXgxLJ5GDXcjZ
rec16kQJ2mI9jZCML,Mauvais,Gezah,8638,,https://open.spotify.com/track/77OBAxijRMimk6EkwyLaJC
rec18ycqQT2WfssSU,22 bougies,Albinks,0,,https://open.spotify.com/track/1wzs0TJT2QeVNUzyheid4f
rec19j2lWyTMnG0j1,No Fake,Malyk-Man,0,,https://open.spotify.com/track/5IIrLLO2v2TCPUINDL0kpF
rec1FKqV6CD31Yovw,Cali-Plate,CCINO,91052,,https://open.spotify.com/track/3nwQ7gu0uT0tzOUjxgKB2p
rec1HIVPwcFG057Ii,TLJ,Pepiito 680,35609,,https://open.spotify.com/track/69CVngUjsMa0b0JCKVbzKL
rec1HwZV92rhfq7dh,Palestine,Ilies,4725,,https://open.spotify.com/track/11acPWWSJLJLhJQ1GLV6qk
rec1IsZe7knTb3UJj,Snifar,Safira,0,,https://open.spotify.com/track/4uVIv4ydis8ekXNjJX8bye
rec1LFq6M1fLBwFru,SHINOBI,OTMAN,0,,https://open.spotify.com/track/0gIpEgErUevRHZDmnWpEh1
rec1WNnJn89DFIxRD,"Antiheld, Pt. 2",YungElias,8513,,https://open.spotify.com/track/3ov3SOtgcKkVjKqNsTu5Gy
rec1dLFIljNdvaaU9,kairos,LOG,97485,,https://open.spotify.com/track/1VcSmNOn0mJojhXrvBZJ5s
rec1gqtGh9XPWNPSa,GTA 5,YNS,0,,https://open.spotify.com/track/3KDYybQRVSNDVH0ZFzGX7R
rec1mSj7GsE7BLEag,COEUR FROID,MVHI,0,,https://open.spotify.com/track/2iAom45CZkSTmmVlSGXznE
rec1nJGMUcLDdNof9,Conséquence,J.O.S,0,,https://open.spotify.com/track/0a77iTP67TktrJZVBA0E1n
rec1tnxEjtxecGO28,Ray Liotta,"Hoofer, Abdou Ziani",14795,,https://open.spotify.com/track/7DaaIf6MJlbu1ep8rjJ8Wk
rec1vCMsdUuwHlfAb,Don Quichotte,Keny,1996,,https://open.spotify.com/track/0hrXO0FS25V0J9fb8NwSjN
rec1y9fptmIAWBnpE,Marseille,So La Zone,1975112,,https://open.spotify.com/track/427ZT7N5XML2VC2VrcSkg7
rec20F11A7LEuIJQs,IGO,G.Anubi,14307,,https://open.spotify.com/track/0ZPmAdWW33eogDrYnGdw2s
rec24eb4UUDkp8zqu,Cicatrices,OXZEN,0,,https://open.spotify.com/track/01mgRtAtpqCb7jjjotXLHB
rec283L6zh5VkatIa,Silence,Lex,6025,,https://open.spotify.com/track/5QmFuAxc13pvE7ILeRum5I
rec2BskhcEG2iRQrt,Billing,Koskeed,0,,https://open.spotify.com/track/4CstTiT4atZ99wkdlH4rh7
rec2Fcw0C71ynEKyM,DEXA TD KABA,Efl Beatz,0,,https://open.spotify.com/track/6BJbJP6VWvjugCkc2VlMG0
rec2LrtlXIjR9C7oy,Mélancolie et rage de vaincre,Haniki,0,,https://open.spotify.com/track/2ShSyrpDqALosYKnu173iy
rec2TQjxJJSW16jb4,Jiraya,ZZZ,0,,https://open.spotify.com/track/6ffBCOsD66NqA4gIT19HbI
rec2U7XVzoWqZn284,Llncp (Les larmes ne coulent plus),Leu'Vé,2799,,https://open.spotify.com/track/2rqCMjHoxnHUVL4dOmVBKy
rec2ZA2XsmM3IS7Rr,Maa Layem,Kacha,4237,,https://open.spotify.com/track/3WE61g0Flqpk6PK9E8UyaT
rec2hE7d33fgQ5pVn,Adresse,S2K,17097,,https://open.spotify.com/track/5PMQj3YEznV4LMJOiT72D4
rec2ke5eGQRYEjgxN,Himalaya,YKAR,0,,https://open.spotify.com/track/2UN6nBxjjqxl4B7sWMNWqK
rec2lU5bdU5vcOhAd,Je sais pas,Vinz Lvl,0,,https://open.spotify.com/track/4B41bSFb6H2ZH4eaT5jWPb
rec2ohq7HUkKfCxNW,Épisode 3 (Interlude),N3palm,0,,https://open.spotify.com/track/6gmzZOCdEiIu5XxQ11xGpg
rec2tCbAA7sDxBHOa,Prince De La Ville,Shym4,0,,https://open.spotify.com/track/2yOH1TPRfm2Mkdsq6VWb4U
rec2whuPfI8JPRdeA,Business class,KrS,0,,https://open.spotify.com/track/5jUNMAluTIR9c26FtORHCJ
rec2xhlU39isZet6A,Tranquillement,"Nolvo, Bodjy",3394,,https://open.spotify.com/track/7nqn4e3IJx7Yku04itdHgY
rec2zHTG3NbUSu9dP,UKRYTE ŁZY,Young Żupan,123096,,https://open.spotify.com/track/6QhYbFU881Fj0pzwmMie2j
rec3BnDRpq7D2WYdi,Sourire sous le lampadaire,CKZ,0,,https://open.spotify.com/track/5zyLAJWCVTSWQRDps6XSXC
rec3EbetyVzPuCC3M,QUE TOI,POLAR,18276,,https://open.spotify.com/track/3feBFqz2KheDnlgdtFdoXy
rec3IldH0sLOxZUji,Ressentimento,MC Mendonça DL,0,,https://open.spotify.com/track/5MbM06wa3gzEQKFFSTouAV
rec3Mf710UXb4uVqM,ASSEZ VITE,Cita,1328,,https://open.spotify.com/track/48NDhB8W2pkPipqKlBOqNL
rec3NVVO9iyL809n0,Hors-piste,L'insolite,2625,,https://open.spotify.com/track/2LxrXWgPuh8luIQib8X6Cs
rec3OGWz7Qdf5KjBl,Navré,"Loa 30, Dontif",4166,,https://open.spotify.com/track/0A3D9ElrNVdjxtMHGbXS56
rec3cWut5U44UbWZy,Tommy,Pevffy,33630,,https://open.spotify.com/track/0o4eLf9yzM4VZCRNMUIaiN
rec3fwySCBoALXkwC,Veloce,Hell Prince,0,,https://open.spotify.com/track/13oCJWyg9Iwpn4m6VDWqXV
rec3o1HMTZFg6oKSj,Intro,Amo la Mara,609029,,https://open.spotify.com/track/6SxJddvMH2pwB2IGMp3X0B
rec3qSCv1EVSBxJBb,LE P’TIT 5,ZABUZA,243432,,https://open.spotify.com/track/55g5GUsExOME3Hsf25P1Dx
rec3swqzoMTevFUPk,lucioles,ska2r,0,,https://open.spotify.com/track/6f7c7myC6bKbJGSofWQg3J
rec43a4FGsebX08Sa,Inarrêtable,Loay,1854,,https://open.spotify.com/track/7CfYIA6nHBXRvMH9LrRVoj
rec445B9H4EXtQKJo,Cartel Sinaloa,"Jeekay, Kaneki",103220,,https://open.spotify.com/track/02vYOuNdVqcMl8TKqqcWAh
rec47SrIBHFPIYYvk,Enfin libre,KYYOUTTE,0,,https://open.spotify.com/track/0RORqPdq8R8AHH6uHLybc2
rec4AK1GAI4OSjUql,ChatPT,Madame G,0,,https://open.spotify.com/track/3qZVXPV4zyQNVQb8ziykdn
rec4AtBucIMKZXOfw,Vie,RCD,0,,https://open.spotify.com/track/5VtRGO9G2zEy1y8vcux8fE
rec4B16Sve8TujdPu,DERNIER RECOURS,MiraX,2706,,https://open.spotify.com/track/6anG0rQt5MaHzkWA27qaEn
rec4CAkgsEE7mqkEm,Horloger #4,Imed zee,327589,,https://open.spotify.com/track/6260AH13Q47vbADdtXdWHz
rec4Dt38ZbcfYrl5o,Lune de miel,SNK Fcktz,2668,,https://open.spotify.com/track/62EAqK5oVaA2HRG5oa5Akx
rec4N7VUG1MBFF6w1,le dalhia rouge,Mesrine69,0,,https://open.spotify.com/track/5GiLCYCauPi5r8n6n7IuHq
rec4PQunuLrOhE76x,Dès l'aube,R.Y OFF,2427,,https://open.spotify.com/track/5bSfZXZIi6i5NQDyHEjuXv
rec4Sfvi5RkD5ZOFw,Lové,Brck,3268,,https://open.spotify.com/track/4oWmuzjk05Vk0zDw1EVtkg
rec4TaCNMgaJuFQig,N-Wegen,Pakket,14372,,https://open.spotify.com/track/4ImpKb1ig3nNqRYl3J3CaD
rec4aGHXdpPxadYTR,Shoganai,Yu_Gen,10620,,https://open.spotify.com/track/0YkQCxBhtCVyweguLyzYYZ
rec4aYimtVWcDtoY1,Thérapie - Triple Cyclone,Imperium ftrs,10900,,https://open.spotify.com/track/5LeG6zoF3u9JEPuoGo41kW
rec4gzhlJswqVm8PY,Noyade,mash687,0,,https://open.spotify.com/track/4Gl2hZsvGDNHAc7bUNpWII
rec4mdt7ou3e6GDME,84 SPC,La SM,42932,,https://open.spotify.com/track/3jOaDYAWlJJ6akbaHmW5GB
rec4qveTguJ9UrtpV,Demain,SVR,0,,https://open.spotify.com/track/2Y8biLxpp4pNtVg6afcVdU
rec4r8s1lsFSN5liB,Barcha Jahel,M_A_C_H_E_K_I_L,0,,https://open.spotify.com/track/0KFUqRwuNSmpYuhB16yHyz
rec4sCTqtAfMijUW0,Fur Dib,OUENZA,8993,,https://open.spotify.com/track/7fx4eRJJsx9ephKOFJkwh9
rec4tW9Z3Lq4yahHL,Prélude,REDV,0,,https://open.spotify.com/track/0g9LfZq6vmusGKYSmAwQiB
rec4yjqCUnqMYkunw,Crecimos - MH,Mhk,1481,,https://open.spotify.com/track/4OJ59CUVQHACtTvPwB3EMO
rec51hYJcVdx9Z8MG,Indépendant,Flexoy,6140,,https://open.spotify.com/track/2VkOzgI3HGtV4mLKgNGdZ8
rec52UHXZ6fc6BiM6,SPAGNA,Many,5803,,https://open.spotify.com/track/7D797trTE7k3hhgSh9FmP7
rec5ExTUImVhggHFO,Plus de toi,Jéthro JNM,2659,,https://open.spotify.com/track/2WnJgTAdtkSIBslL27mlfz
rec5K2WRZSsDpnw4c,Barca,Show Pen,0,,https://open.spotify.com/track/5HXrFcUL5cNJgSWrZTl6EF
rec5LpeSfWE7BlDqI,A.R.C,BLVCKY,0,,https://open.spotify.com/track/5bclYFANAuhUR8h8dfbZuQ
rec5TJDfLhHUu4h6J,Silence,Lex,6025,,https://open.spotify.com/track/2UYq7xggVSmjh5ZkCb4Us9
rec5Vi1yE2MamWDub,Tout Seul 2,Dhaf,43952,,https://open.spotify.com/track/7Ki8NqYbcyVfgYXeBey53a
rec5Z14VZSoi8a1CQ,JARL - version non-transie,Chrim_a7,0,,https://open.spotify.com/track/6ACS7KAwUGyNawjFXq6mzQ
rec5aZzwanll6FTiN,Viral,"Singy, AzyMute.999",0,,https://open.spotify.com/track/53Bpjg7VVgIcb2emtTYiM0
rec5hMWMtEWJ2hZtk,Tout ira bien,Broska,1933,,https://open.spotify.com/track/5hVgAjemSjFWI1FBTcb0qS
rec5qRJEv8HFRKhFE,Schicksalsschlag,Queris,45163,,https://open.spotify.com/track/58UmZISHUuntAMX7Aht1Cu
rec5zrU5XcLoXaSvN,Missing U,Poundzy,21325,,https://open.spotify.com/track/0cX6ju2evsfFIUcvDBLavT
rec6CAdMhSwUzcJ1O,MUNDO,WASSOU,0,,https://open.spotify.com/track/4KMhKQ2EzjT0dQzhVREk3g
rec6CtxXMGqVetnrg,Lumière,"MATTEI, Impar",28277,,https://open.spotify.com/track/7ePhE87DSeKWqXpVBarQXY
rec6F6Li8OXQc8Vdq,La Muzica - MUZICA Edit,Dawez,0,,https://open.spotify.com/track/3KabbFzb7eE4ui5Z2kGH30
rec6K7vj1VWThXd4e,RSQ3,ALS,0,,https://open.spotify.com/track/0JF3CUJp0cVlEnRKEpNGxD
rec6TB9G1F4yZjcZL,Raisons,Dooums,36844,,https://open.spotify.com/track/52QLTpAi7FIx5tidsVQrYf
rec6UQln3kh3MHAaN,En Folie,Ramo,6160,,https://open.spotify.com/track/335r02oPncx245el2LC6Zn
rec6c05lxXxObmCcZ,Déconnecter,Matsun,0,,https://open.spotify.com/track/6qrPmBvDXB7GIGgBjGXQEn
rec6eivsinW1p6tyI,Ultima Speranza,Gezah,4635,,https://open.spotify.com/track/1xgTNPumgJ4XFMk26DoHLo
rec6giASxi89z5d8A,TLJ - Version SPEED UP,Pepiito 680,37030,,https://open.spotify.com/track/6CHzKTbXyXVIjknsr5wHIp
rec6hwANkfLB76c8A,La scène,"M'C, Nedson",8159,,https://open.spotify.com/track/0kW81u2oNrNKevJUe80YAs
rec6lJkMqOisEc6TC,Sin Consuelo,Cyril Kamer,543520,,https://open.spotify.com/track/2cfo1d20JZEjaKmdvmIvRF
rec6lyFx2aVnQLicG,NATEN,ISH,1238286,,https://open.spotify.com/track/6wgFKNrI9xHavNFodIRAYo
rec6r0g6fzubxSQwr,I'am a Leader,CHK,0,,https://open.spotify.com/track/1myUABqa1pwfCPdh7sndnc
rec6yj54I9EwtGdVv,dom peri,7evenka,0,,https://open.spotify.com/track/2snZvzkNZKvCpeh7Tl1oNp
rec71bzP1Lm8HI8e7,Sans Effets,Nokka,0,,https://open.spotify.com/track/4aOAqZ9MtW5iYhxG0xJYlH
rec71yWPPWEsKovfX,Élévation,"ÆRON SKAR, H.E.M",11835,,https://open.spotify.com/track/4O84Col3x0RgzRzzUXpQES
rec76Tuf4NABlmfrV,Canonnier,lansky binks,0,,https://open.spotify.com/track/1zEHDSPrERgC19ahQzIPIf
rec78mZPE0D2sB3vr,Sans atmosphère,L'insolite,0,,https://open.spotify.com/track/3rIO6R9x7yWka5yHyqxPgr
rec7A1hX9V4ZzFsJq,Destinée,FJU Sentinelles,2625,,https://open.spotify.com/track/3WFGMIw1v6B9eezp6u5dsd
rec7Hu7dPkjqAfkVc,Comptant,D2L,74634,,https://open.spotify.com/track/67M2Od9xgzDWE6cwECwLsv
rec7IuVMuO8kAkYbC,Focus,DELYZ,0,,https://open.spotify.com/track/61T41DoYhex6ILdnCIFYU2
rec7LKTrm3sdXwxIW,4REAL,Neo'saka,11174,,https://open.spotify.com/track/6I680HNEpsBqCtW5bdUFL2
rec7M4CvLb857fuJD,LA NUIT EST CHAUDE,Harclès,0,,https://open.spotify.com/track/1V7083KLTOWmrvA8O7sxU0
rec7NFprIZri5Oq9x,3WLLD(partie 2),AMD King,0,,https://open.spotify.com/track/0Db2D6bxx0yVq2PRTUUGEc
rec7O9LmgdlqJHsv6,Laisse tomber,Djiway,2243,,https://open.spotify.com/track/2bu1RF6kvn9kI5eAKIkaoc
rec7RmIfwmyb62FIP,7 décembre,Maks,151166,,https://open.spotify.com/track/6hfa0bM5mX2MG7VGlnLG3n
rec7U7cKzpnUGGQbB,Dexter,Layso,0,,https://open.spotify.com/track/2VACcRRu0tyYg5KZmY7iJJ
rec7WqmCB9RWl9x1u,Alpraz à l'âme,_vaayz,1620,,https://open.spotify.com/track/51c6uBRTEoBpsKOB91NXxp
rec7XrVh02ADv526F,BEJT TAM SÁM,P-ONE,84972,,https://open.spotify.com/track/5d88wEoYVw7iLOQqtTlddG
rec7d2GIOEQHrWMPg,Wa7la,"Gafsi, Kybruz238",0,,https://open.spotify.com/track/6i906m6HzTmmzMbfM8KxGX
rec7iyM4BGq29fqFe,Ma mélodie,AMG3_71,0,,https://open.spotify.com/track/0PHCVE2Jxd1iAZw4phNNKa
rec7mms3OfAgqmwkq,Jah Make Move,Yaawdi,5572,,https://open.spotify.com/track/78lOqLRd9VGyll11aMzCsD
rec7qxVmvxgC7T9wm,NOS RUELLES #3,2R,156535,,https://open.spotify.com/track/40AOrVgGEE983NJqa26ZNL
rec7uumCcDqvoh5P4,Dysphibolia,Mahery,0,,https://open.spotify.com/track/5o8mhEffmgHYm0TCU4pH8a
rec7vqlXTfakKsKEu,La muzica (EM Edit),Dawez,0,,https://open.spotify.com/track/5VGqqMY1Ezfw0m2XlPMkHo
rec7w83PjwYs9NNZQ,Final,jokzgui,189510,,https://open.spotify.com/track/5elU3gTQ1u55FG2YaPyT9R
rec80254LLKbi9FsN,Bonheur,BoyBoy,0,,https://open.spotify.com/track/5K868yU8otirr0bZFH3fzu
rec87pcgNpT4ESm8m,Lettre à...,Caliko,0,,https://open.spotify.com/track/2rjB8dT78x7DY7z8c3VpWE
rec8AV6lu3JP0Zcoa,Schwarzenegger,ALS,0,,https://open.spotify.com/track/7hicBzyDmeGRgJfMENB9lO
rec8AaMbKSOzROciu,Monde,"Ba2, Skarr",2092,,https://open.spotify.com/track/5oKGKhbHZxQxgyDCONDq01
rec8B3UJsrT5nUsOj,Heetch (16H21),SK 2.16,0,,https://open.spotify.com/track/1ZQV8XNdOE4IWYhsJ0gDrS
rec8Fae72iYUEUbvs,Birkin hermes,AD,0,,https://open.spotify.com/track/1ZlosEjD4ebNbPOrmWFcC5
rec8NgS44Yybovvcf,Vivre ou Survivre,Delilio,98342,,https://open.spotify.com/track/71mluVF30tYenvys8Fruwq
rec8aL0byQdwBhBrU,Lies Of Pinocchio,BMOI,0,,https://open.spotify.com/track/4aMYUakXR6RxQtpaBoiaQT
rec8fjzbOk8JWZT7B,Temu,Chawo,115979,,https://open.spotify.com/track/1Lz4XWdQyQfOcnQLBxHsSa
rec8ntYGmAvKfG0nr,Donner,MBGST,18816,,https://open.spotify.com/track/5JfAQCqJoaAcZ2Nj9VwlHY
rec8tZ4jzGrYuI4ZA,Signe de vie,Jord Issaguen,0,,https://open.spotify.com/track/6HOKktyU4fd7rVzyjhgvLZ
rec8ujVZOm3Gc6UYf,Comme jamais,"Barkozor, W",0,,https://open.spotify.com/track/6SR9tLJRf6Y25N2lRNUdfI
rec8y4voFtqp5xTag,GTA LOVE,YAM,4602,,https://open.spotify.com/track/6pZEl2CK4m3vWYPEjnXSRR
rec95vWRwef2HxFF0,HAYAT حياة,MATAHA,12949,,https://open.spotify.com/track/3FHi4pCWPr9BEpc9zgcUhl
rec976Tcwo1GtLOSl,"Récit Profond, Pt. 3 - Freestyle",Ciscozé,0,,https://open.spotify.com/track/2RBHleiblWR0pSCFpxBaZc
rec9AGjad1G6Kma5K,Même effet,VLD,17917,,https://open.spotify.com/track/13KuR7TBVysS60hovrJFPH
rec9BdnozDz9FXvHP,J'aurais voulu,Pazzo,12741,,https://open.spotify.com/track/74jLF45fmPCUAGDN2TPFud
rec9CGMCT7mb1NKBe,SOUS-ESTIMER,SUZANNE,0,,https://open.spotify.com/track/3aYfrV5rIC3ZpCugPMwxA3
rec9UazO0m3Dl65RT,Ephemere,"Enah km, Nytho",2145,,https://open.spotify.com/track/37Jfrz1rZeNN8cmSwTVP6J
rec9WlM0cHWoXMyrF,Yahweh,Jéthro JNM,7293,,https://open.spotify.com/track/1JpnWKXLYYEPit31b02ors
rec9XnxB89SwrNHyj,TIKI TAKA À LA GUARDIOLA,DYDY,0,,https://open.spotify.com/track/2eSab2JEBI15UVlWXjG1eI
rec9XwLvK69TU30MI,Jouons ensemble,Roxane,16169,,https://open.spotify.com/track/3jNAP2P2b5HvGbMUwsuR2v
rec9aiYfGXr2e0IcU,Piano désaccordé,Hill le conteur,0,,https://open.spotify.com/track/7KITahDtiFnof6DutCuL2B
rec9bKWPftp7THFnx,CSLM,Leamsi,0,,https://open.spotify.com/track/0H79sCI2ZupBNUB9FxqBeX
